Name,Total_Shots,Open_Play_Shots,Goals,Shot_On_Post,Shot_On_Target,Shot_Off_Target,Shot_Blocked,Shots_From_Inside_The_Box,Shots_From_Outside_The_Box,Avg._Shot_Distance,xG,xGOT,Total_Passes,Accurate_Passes,Miss_Pass,Passing_Accuracy,Progressive_Passes,Chances_Created,Assists,Pre-Assists,Buil-up_to_Shot,Final_Third_Passes,Passes_In_Penalty_Box,Through_Pass_Attempts,Accurate_Through_Passes,Crosses_Attempts,Accurate_Crosses,Longballs_Attempts,Accurate_Longballs,Corners_Taken,Accurate_Corners,Freekicks_Taken,Accurate_Freekicks,ThrowIns_Taken,Accurate_ThrowIns,Forward_Pass_Attempts,Accurate_Forward_Pass,Side_Pass_Attempts,Accurate_Side_Pass,Back_Pass_Attempts,Accurate_Back_Pass,xT_Increased_From_Pass,xT_Decreased_From_Pass,Total_xT_From_Pass,Total_Carries,Progressive_Carries,Carries_Led_to_Shot,Carries_Led_to_Goal,Carrier_Dispossessed,Carries_Into_Final_Third,Carries_Into_Penalty_Box,Avg._Carry_Length,Total_Carry_Length,xT_Increased_From_Carries,xT_Decreased_From_Carries,Total_xT_From_Carries,TakeOn_Attempts,Successful_TakeOns,Total_Passes_Received,Key_Passes_Received,Assists_Received,Progressive_Passes_Received,Passes_Received_In_Final_Third,Passes_Received_In_Opponent_Penalty_Box,Crosses_Received,Longballs_Received,Cutbacks_Received,Ball_Retention,xT_Received,Avg._Distance_Of_Pass_Receiving_Form_Oppo._Goal_Line,Most_Passes_Received_From_(Count),Total_Tackles,Tackles_Won,Dribblers_Tackled,Dribble_Past,Interception,Ball_Recoveries,Post_Recovery_Ball_Retention,Pass_Blocked,Ball_Clearances,Shots_Blocked,Aerial_Duels,Aerial_Duels_Won,Fouls_Committed,Fouls_Infront_Of_Own_Penalty_Box,Error_Led_to_Shot,Error_Led_to_Goal,Possession Win in Final third,Possession Win in Mid third,Possession Win in Defensive third,Total_Touches,Touches_In_Final_Third,Touches_In_Opponent_Penalty_Box,obv_for_net,obv_against_net,obv_total_net,count_hi_1-15,count_hsr_1-15,count_high_acceleration_1-15,count_high_deceleration_1-15,count_medium_acceleration_1-15,count_medium_deceleration_1-15,count_sprint_1-15,high_intensity_hi_distance_1-15,high_speed_running_hsr_distance_1-15,m/min_1-15,max_speed_1-15,running_distance_1-15,sprinting_distance_1-15,total_distance_1-15,count_hi_16-30,count_hsr_16-30,count_high_acceleration_16-30,count_high_deceleration_16-30,count_medium_acceleration_16-30,count_medium_deceleration_16-30,count_sprint_16-30,high_intensity_hi_distance_16-30,high_speed_running_hsr_distance_16-30,m/min_16-30,max_speed_16-30,running_distance_16-30,sprinting_distance_16-30,total_distance_16-30,count_hi_31-45+,count_hsr_31-45+,count_high_acceleration_31-45+,count_high_deceleration_31-45+,count_medium_acceleration_31-45+,count_medium_deceleration_31-45+,count_sprint_31-45+,high_intensity_hi_distance_31-45+,high_speed_running_hsr_distance_31-45+,m/min_31-45+,max_speed_31-45+,running_distance_31-45+,sprinting_distance_31-45+,total_distance_31-45+,count_hi_46-60,count_hsr_46-60,count_high_acceleration_46-60,count_high_deceleration_46-60,count_medium_acceleration_46-60,count_medium_deceleration_46-60,count_sprint_46-60,high_intensity_hi_distance_46-60,high_speed_running_hsr_distance_46-60,m/min_46-60,max_speed_46-60,running_distance_46-60,sprinting_distance_46-60,total_distance_46-60,count_hi_61-75,count_hsr_61-75,count_high_acceleration_61-75,count_high_deceleration_61-75,count_medium_acceleration_61-75,count_medium_deceleration_61-75,count_sprint_61-75,high_intensity_hi_distance_61-75,high_speed_running_hsr_distance_61-75,m/min_61-75,max_speed_61-75,running_distance_61-75,sprinting_distance_61-75,total_distance_61-75,count_hi_76-120+,count_hsr_76-120+,count_high_acceleration_76-120+,count_high_deceleration_76-120+,count_medium_acceleration_76-120+,count_medium_deceleration_76-120+,count_sprint_76-120+,high_intensity_hi_distance_76-120+,high_speed_running_hsr_distance_76-120+,m/min_76-120+,max_speed_76-120+,running_distance_76-120+,sprinting_distance_76-120+,total_distance_76-120+
Fuki Yamada,4,3,1,0,1,0,2,2,2,18.52,0.21,0.26,21,14,6,66.67,5,1,0,0,0,4,2,0,0,1,0,2,1,2,1,2,0,2,2,12,8,0,0,5,5,0.27,-0.02,0.25,17,6,0,0,0,1,1,6.28,181.22,0.16,-0.01,0.15,0,0,16,2,0,3,3,1,1,2,0,100.0,0.03,49.6,Koki Morita(4),,,,,,,,,,,,,,,,,,,,48,17,1,0.1722999999999999,0.0061999999999999,0.1660999999999999,280.0,240.0,80.0,140.0,640.0,620.0,40.0,3786.57,3000.634,2000.7859999999996,26.8715,5394.367999999999,785.9380000000002,30011.777999999995,130.0,78.0,104.0,78.0,572.0,598.0,52.0,2369.2279000000003,1206.3129000000001,1711.8477999999996,32.2964,3937.8287000000005,1162.915,25677.7222,456.0,361.0,114.0,228.0,1007.0,950.0,95.0,6426.945699999999,4889.771599999999,2415.3788,30.7736,7289.4088999999985,1537.1741,46173.97670000001,480.0,384.0,320.0,192.0,1408.0,1344.0,96.0,7680.6112,6616.9376,4607.4464,26.7797,14126.1792,1063.6736,68958.0992,,,,,,,,,,,,,,,,,,,,,,,,,,,,
Anderson José Lopes de Souza,4,3,1,0,1,1,1,0,4,58.79,0.88,0.89,11,7,4,63.64,0,0,0,0,0,2,0,0,0,0,0,0,0,0,0,0,0,1,0,4,2,2,1,5,4,0.01,-0.02,-0.01,11,2,0,0,0,0,1,2.43,87.46,0.07,-0.01,0.07,0,0,7,1,0,4,1,1,0,1,0,100.0,0.05,34.0,Carlos Eduardo Bendini Giusti(1),,,,,,,,,,,,,,,,,,,,75,46,18,0.0352,0.0163141486,0.0188858514,60.0,36.0,24.0,24.0,300.0,216.0,24.0,844.7112000000001,467.78760000000005,1050.1055999999999,27.5062,1722.324,376.9236,15751.591200000003,260.0,130.0,130.0,156.0,598.0,598.0,130.0,5923.0495999999985,4016.4982000000005,3142.0063999999998,31.1892,4269.5172,1906.5514,47130.0778,280.0,180.0,160.0,40.0,720.0,680.0,100.0,4205.948,3549.3360000000007,2156.634,29.5668,4342.778,656.6139999999999,41227.63999999999,192.0,168.0,24.0,72.0,456.0,384.0,24.0,2601.4584,2242.7976,2716.9175999999998,28.4624,3990.8232,358.6608,40753.771199999996,114.0,76.0,95.0,95.0,475.0,532.0,38.0,1595.0842000000002,1237.5839999999998,1942.9495000000002,27.751,3964.0479000000005,357.50020000000006,29144.251999999997,200.0,100.0,120.0,120.0,640.0,600.0,100.0,2987.3220000000006,1450.2820000000004,1897.3459999999995,29.5671,3457.484000000001,1537.0400000000004,41045.91400000001
Yudai Kimura,2,2,0,0,1,0,1,1,1,27.17,0.49,0.32,14,12,2,85.71,3,1,0,0,0,3,1,0,0,0,0,0,0,0,0,0,0,3,3,7,6,1,1,6,5,0.04,-0.02,0.02,22,2,1,0,3,0,0,5.92,159.02,0.2,-0.01,0.2,1,0,21,1,0,5,5,2,0,1,1,100.0,0.28,51.9,Fuki Yamada(3),,,,,,,,,,,,,,,,,,,,55,26,8,0.0102988601,-0.0379,0.0481988601,156.0,78.0,104.0,156.0,598.0,650.0,78.0,2715.4010000000007,1442.2642,2491.1457999999993,31.8427,5754.364200000001,1273.1342,37367.1818,168.0,105.0,21.0,42.0,630.0,483.0,63.0,2828.1582,2422.875,2508.8994,26.7348,2992.3382999999994,405.2831999999999,37633.4994,364.0,234.0,234.0,286.0,1170.0,910.0,130.0,4601.433199999999,3265.769,3098.3602,27.7751,8265.5898,1335.6641999999997,59230.30360000001,340.0,306.0,102.0,136.0,1360.0,1054.0,34.0,4326.67,4079.9932,4546.004,26.7254,9161.0348,246.67680000000001,68190.043,120.0,30.0,60.0,30.0,390.0,345.0,90.0,2375.6444999999994,1562.7405000000003,1662.6615000000002,32.3459,1727.0610000000004,812.9040000000002,20589.289499999995,,,,,,,,,,,,,,
Hiroto Taniguchi,2,2,0,0,1,1,0,2,0,14.71,0.09,0.01,24,19,5,79.17,6,0,0,0,0,1,0,0,0,0,0,4,2,1,1,1,0,5,4,14,11,2,2,6,5,0.05,-0.02,0.02,17,1,0,0,0,0,0,5.46,132.97,0.01,-0.01,0.01,0,0,26,1,0,5,5,3,1,1,0,100.0,0.37,77.15,Koki Morita(7),,,,,,,,,,,,,,,,,,,,46,5,3,-0.1238,-0.2478,0.124,63.0,63.0,63.0,72.0,216.0,225.0,0.0,428.9355,428.9355,793.044,24.164,1359.7532999999999,0.0,11895.6546,250.0,125.0,150.0,175.0,1150.0,925.0,125.0,4798.285000000001,2577.7675,3266.8675,30.8517,5424.2525000000005,2220.5175000000004,49003.015,200.0,140.0,200.0,160.0,760.0,1040.0,60.0,2504.2799999999997,1936.9660000000003,2195.5260000000003,33.7568,5461.232,567.314,41971.11999999999,253.0,230.0,69.0,69.0,920.0,759.0,23.0,2077.153,1855.0558000000005,2751.9683999999993,27.0725,5547.232000000001,222.09719999999993,41279.532900000006,40.0,30.0,30.0,25.0,145.0,130.0,10.0,593.6655,398.081,517.3344999999999,32.3879,887.164,195.5845,7760.0175,80.0,48.0,32.0,24.0,296.0,288.0,32.0,974.0408,704.0728,750.908,27.1612,1629.0808,269.968,16244.6424
Riku Yamane,2,2,0,0,0,0,2,1,1,21.29,0.04,0.0,45,37,7,82.22,2,0,0,0,0,3,0,0,0,1,0,0,0,6,5,5,3,9,8,18,14,3,2,15,15,0.13,-0.04,0.09,31,1,0,0,0,0,0,1.9,123.71,0.04,-0.0,0.04,1,1,31,2,0,4,6,1,0,1,0,100.0,0.1,44.6,Kota Watanabe(7),,,,,,,,,,,,,,,,,,,,95,35,3,-0.1033999999999999,0.0004,-0.1037999999999999,96.0,96.0,0.0,36.0,300.0,300.0,0.0,794.1288000000002,794.1288000000002,1115.7251999999999,22.8198,3007.6728,0.0,16735.8792,560.0,490.0,280.0,245.0,1575.0,1225.0,70.0,4166.529500000001,3673.3025000000002,4762.166499999999,26.7548,13449.135000000002,493.227,71432.49749999998,512.0,448.0,224.0,256.0,1472.0,1184.0,64.0,7301.1008,5973.9648,4368.736,29.3778,14168.2656,1327.136,83515.6672,396.0,297.0,198.0,99.0,1221.0,1221.0,99.0,3377.5599,2616.6327,4708.7733,27.5638,16889.0304,760.9239,70631.6061,252.0,168.0,84.0,84.0,1638.0,1386.0,84.0,3537.7188,2435.7522,4820.692800000001,28.8964,12588.7524,1101.9666,72310.40879999999,14.0,7.0,7.0,7.0,112.0,91.0,7.0,337.631,134.0297,908.2311,30.1797,755.6899,203.6013,4964.996400000001
Itsuki Someno,2,3,0,0,2,0,0,0,2,35.85,0.28,0.13,29,20,7,68.97,1,1,0,0,0,2,1,0,0,0,0,0,0,0,0,3,2,5,3,17,11,1,1,8,6,0.1,-0.03,0.07,26,5,2,0,0,1,1,3.28,154.87,0.08,-0.0,0.08,5,3,31,3,0,11,8,4,0,1,0,100.0,0.36,41.5,Koki Morita(5),,,,,,,,,,,,,,,,,,,,80,29,10,-0.0068999999999999,0.0014,-0.0082999999999999,152.0,95.0,38.0,57.0,380.0,513.0,57.0,3325.1519999999996,2107.2102,1845.6182,28.4037,5977.4817,1217.9418,27684.272999999997,242.0,198.0,66.0,154.0,814.0,572.0,44.0,3744.439599999999,3131.103800000001,2663.936000000001,29.5289,4769.485599999999,613.3358000000002,39959.035599999996,288.0,216.0,120.0,144.0,1032.0,864.0,72.0,4464.0576,2984.244,2646.4464000000003,28.7419,6280.9896,1479.8136,50591.2176,245.0,210.0,105.0,175.0,1365.0,1050.0,35.0,2586.451,2099.5415000000003,4412.901500000001,27.0403,9384.1055,486.9129999999999,66193.54,280.0,224.0,112.0,140.0,1064.0,784.0,56.0,2656.427200000001,2323.1572,2978.8891999999996,27.2069,6595.2348,333.26999999999987,44683.321200000006,506.0,276.0,276.0,414.0,1702.0,1242.0,230.0,8509.4986,5000.089600000002,4115.638400000001,29.6722,8415.023799999999,3509.4136000000003,89035.00560000003
Koki Morita,2,2,0,0,1,1,0,1,1,16.01,0.04,0.01,40,36,3,90.0,7,1,0,0,0,8,3,0,0,0,0,5,2,0,0,1,1,7,7,21,17,2,2,16,16,0.12,-0.05,0.07,30,4,0,0,0,0,0,6.55,248.03,0.05,-0.01,0.04,0,0,39,1,0,4,7,1,0,0,1,100.0,0.12,57.3,Taiki Watanabe(6),,,,,,,,,,,,,,,,,,,,74,17,0,-0.0037,-0.2307936298,0.2270936298,72.0,56.0,24.0,40.0,256.0,208.0,16.0,778.3448,593.0448,789.1856,29.2617,2174.136,185.3,11837.7872,384.0,352.0,96.0,160.0,1632.0,1312.0,32.0,5015.6768,4666.08,4389.8784,27.4222,15327.6736,349.6,65848.1888,247.0,152.0,114.0,57.0,855.0,931.0,95.0,3692.7563999999998,2785.8350999999993,2417.7138999999993,29.3796,7537.320900000001,906.9213000000001,46218.63999999999,406.0,261.0,87.0,203.0,1392.0,1073.0,145.0,5476.420899999999,3416.1245999999996,4145.816800000001,29.9493,12415.697500000002,2060.2991999999995,62187.27230000002,480.0,420.0,90.0,330.0,1260.0,1050.0,60.0,5515.278,4966.08,3487.791,26.3942,11826.197999999997,549.1950000000002,52316.858999999975,340.0,238.0,170.0,204.0,1802.0,1394.0,102.0,6378.8862,5447.1536,3685.6238000000003,29.3029,15197.0378,931.7326,79732.3188
Keito Kawamura,2,2,0,0,0,2,0,2,0,16.09,0.12,0.0,6,3,3,50.0,0,0,0,0,0,1,0,0,0,1,0,0,0,0,0,1,0,1,1,2,1,1,0,2,2,0.0,-0.01,-0.01,6,1,0,0,0,0,0,3.45,44.99,0.02,-0.05,-0.03,1,0,7,2,0,1,4,2,1,1,0,100.0,0.05,20.8,Goki Yamada(2),,,,,,,,,,,,,,,,,,,,16,10,2,-0.1448,0.6595,-0.8043,,,,,,,,,,,,,,,,,,,,,,,,,,,,,,,,,,,,,,,,,,,,,,,,,,,,,,,,,323.0,228.0,114.0,247.0,722.0,722.0,95.0,4123.6536,3029.7875000000004,2296.4407,27.3807,5763.0686000000005,1093.868,34446.601,242.0,176.0,132.0,110.0,429.0,506.0,66.0,2998.505400000001,2374.0442000000003,1287.3069,29.5114,3697.8557000000005,624.4601,27848.7462
José Elber Pimentel da Silva,1,1,0,0,0,0,1,0,1,69.88,0.05,0.0,41,35,5,85.37,4,0,0,0,0,6,0,0,0,1,0,1,1,4,3,3,3,12,11,12,8,3,1,23,23,0.09,-0.1,-0.02,38,7,0,0,1,1,1,5.57,389.57,0.28,-0.01,0.28,2,1,32,0,0,9,8,0,0,3,0,100.0,0.13,39.0,Taiki Watanabe(8),,,,,,,,,,,,,,,,,,,,93,49,1,-0.0079,-0.0144926407,0.0065926406999999,155.0,93.0,124.0,93.0,558.0,434.0,62.0,2209.1313,1535.6841999999997,2476.2304000000004,27.6262,3725.521100000001,673.4471000000002,37143.4529,330.0,120.0,180.0,90.0,1200.0,1020.0,210.0,6404.883000000002,4022.0429999999997,3610.7879999999986,32.5331,5601.872999999997,2382.8430000000003,54161.838,660.0,396.0,352.0,264.0,1628.0,1496.0,264.0,10493.9208,8361.1748,4693.3832,26.7838,10261.4512,2132.746,89721.83439999999,374.0,238.0,170.0,136.0,1292.0,714.0,136.0,7959.4714,6394.176,4195.2872,29.0765,7430.475599999999,1565.2954,62929.3284,161.0,115.0,92.0,115.0,759.0,529.0,46.0,2221.3055000000004,1521.6546999999994,2636.6303000000007,29.1687,4814.0978000000005,699.6507999999997,30453.085600000006,,,,,,,,,,,,,,
Ken Matsubara,1,1,1,0,0,0,0,1,0,22.2,0.03,0.14,82,61,17,74.39,9,0,0,0,0,7,1,0,0,1,0,5,0,0,0,8,6,29,21,37,18,2,2,35,35,0.13,-0.12,0.01,51,1,0,1,1,0,0,1.21,151.65,0.05,-0.0,0.05,2,0,53,0,1,4,8,1,0,0,0,100.0,0.13,53.4,Takumi Kamijima(21),,,,,,,,,,,,,,,,,,,,146,43,1,0.1493,-0.1708032056,0.3201032056,216.0,189.0,54.0,81.0,675.0,756.0,27.0,1859.8760999999997,1713.8709,2433.375,25.9643,7068.5865,146.0052,36500.6331,315.0,135.0,270.0,180.0,1395.0,1350.0,180.0,5654.191499999999,3360.1679999999997,5570.590499999999,30.7271,7995.901500000001,2294.0235000000007,83558.88,774.0,258.0,215.0,516.0,2236.0,1720.0,516.0,13982.292799999997,8766.543300000001,5559.1217,31.8933,18709.962199999998,5215.749500000001,106271.87269999999,690.0,552.0,92.0,184.0,1886.0,1794.0,138.0,11691.097800000001,9736.976399999998,6367.292399999998,29.2685,17786.999400000004,1954.1214,95509.35839999998,256.0,192.0,64.0,160.0,1248.0,992.0,64.0,3015.6448,2395.9136,3738.1312,26.9098,9977.5776,619.7344,56071.9872,656.0,492.0,287.0,287.0,1804.0,1476.0,164.0,7137.452200000001,5489.3875,4484.826,29.5751,13776.1025,1648.0647,97021.75630000001
Hiroto Yamami,1,1,0,0,0,1,0,0,1,71.81,0.04,0.0,7,2,5,28.57,0,1,0,0,0,2,1,0,0,0,0,1,0,2,0,0,0,3,2,4,1,0,0,2,1,0.01,0.0,0.01,4,3,0,0,0,1,0,25.95,110.81,0.06,-0.0,0.06,0,0,8,1,0,0,0,0,0,0,0,100.0,0.01,60.0,Takumi Kamijima(2),,,,,,,,,,,,,,,,,,,,18,9,3,-0.0265,-0.0015999999999999,-0.0249,,,,,,,,,,,,,,,,,,,,,,,,,,,,,,,,,,,,,,,,,,,,,,,,,,,,,,,,,286.0,242.0,198.0,88.0,880.0,968.0,44.0,2484.1102,2118.875,2729.9734,27.0995,8475.7288,365.23520000000013,40949.6164,270.0,216.0,72.0,180.0,900.0,702.0,54.0,3833.5409999999997,2560.5738,1978.5474000000002,31.7319,8569.526399999999,1272.9671999999998,42802.5582
Carlos Eduardo Bendini Giusti,1,1,0,0,0,1,0,1,0,8.79,0.05,0.0,118,97,17,82.2,12,0,0,0,0,4,0,0,0,0,0,17,10,4,3,23,20,31,23,68,52,19,18,12,12,0.24,-0.03,0.2,95,3,0,0,0,1,0,4.32,668.82,0.09,-0.01,0.09,0,0,104,1,0,6,2,1,0,12,1,100.0,0.1,76.45,Taiki Watanabe(29),,,,,,,,,,,,,,,,,,,,220,8,0,0.1217,-0.0293071320999999,0.1510071321,392.0,245.0,441.0,294.0,1225.0,1421.0,147.0,4429.8205,3154.8405000000002,4730.170899999999,32.6088,10678.805199999999,1274.9849000000002,70952.5635,650.0,650.0,130.0,455.0,2535.0,2145.0,0.0,8426.931499999999,8281.143,8084.537500000001,25.3265,15762.266,145.7885,121268.08849999998,294.0,147.0,147.0,245.0,2156.0,1813.0,147.0,4812.941699999999,3104.6987999999997,5255.3774,29.03,12058.885300000002,1708.2429,100465.30759999997,560.0,448.0,280.0,168.0,2128.0,2072.0,112.0,8604.444800000001,6221.5048,7374.516800000001,29.6322,17892.067199999998,2382.9344,110617.7296,315.0,315.0,441.0,441.0,2457.0,1890.0,0.0,2564.9252999999994,2367.414,6561.273600000002,26.0607,10302.566400000005,197.51129999999998,98419.1481,585.0,390.0,260.0,325.0,2860.0,2405.0,195.0,10097.256,9349.242499999998,6947.512000000001,25.4565,17121.448500000002,748.0199999999999,150297.8425
Kota Watanabe,1,1,0,0,0,0,1,1,0,16.47,0.07,0.0,44,39,5,88.64,3,0,0,0,0,5,0,0,0,0,0,2,1,3,3,7,6,10,9,14,11,4,3,17,17,0.06,-0.05,0.01,32,1,0,0,0,0,0,3.34,192.12,0.04,-0.03,0.0,0,0,35,0,0,3,4,1,0,0,0,100.0,0.06,52.5,Riku Yamane(8),,,,,,,,,,,,,,,,,,,,88,23,2,-0.07,-0.013,-0.057,90.0,60.0,50.0,50.0,320.0,340.0,30.0,1381.2020000000002,1074.9160000000002,990.7629999999999,29.1488,2914.1579999999994,306.286,14861.438,200.0,180.0,40.0,60.0,780.0,780.0,20.0,1928.2900000000004,1728.0920000000003,2571.2780000000002,27.3834,6374.46,200.19799999999995,38569.17799999999,429.0,396.0,198.0,231.0,1848.0,1716.0,33.0,5004.6084,4717.9836,4152.353700000001,26.6443,13779.4932,286.62149999999997,79379.1834,364.0,364.0,104.0,312.0,2444.0,2288.0,0.0,5684.000400000001,5684.000400000001,7432.6616,24.9987,26197.1736,0.0,111489.9136,155.0,124.0,62.0,93.0,868.0,961.0,31.0,2735.9174,2596.603399999999,3583.2713999999987,25.426,5432.7655,139.314,41386.7856,,,,,,,,,,,,,,
Naoki Hayashi,1,1,0,0,0,1,0,0,1,94.18,0.05,0.0,35,23,10,65.71,2,0,0,0,0,0,0,0,0,0,0,11,3,1,1,1,0,7,5,25,14,1,1,7,7,0.03,-0.02,0.01,24,1,0,0,0,0,0,2.66,117.21,0.01,-0.0,0.01,0,0,23,0,0,2,4,2,0,1,0,100.0,0.09,73.3,Tetsuyuki Inami(7),,,,,,,,,,,,,,,,,,,,56,3,2,0.0083,-0.1249044461,0.1332044460999999,6.0,6.0,2.0,8.0,50.0,34.0,0.0,44.145,44.145,167.8948,22.2045,332.0596,0.0,2518.4218,192.0,48.0,120.0,120.0,912.0,840.0,144.0,3055.5912,1747.4784,3039.2255999999998,28.6716,5617.1544,1308.1127999999999,45588.3912,312.0,182.0,182.0,208.0,988.0,936.0,130.0,4164.927000000001,2535.3692,2875.2308,29.6499,5531.507799999999,1629.5578000000003,54964.818999999996,133.0,114.0,76.0,114.0,608.0,551.0,19.0,917.5175999999999,633.4048999999999,2108.8043000000002,27.2011,3068.912300000001,284.1127,31632.075899999996,99.0,88.0,55.0,77.0,363.0,363.0,11.0,1132.3499000000002,831.9399,1159.873,27.3474,2697.5344,300.40999999999997,17398.1005,240.0,160.0,180.0,140.0,780.0,760.0,80.0,3680.024000000001,2629.8400000000006,2015.002,34.9053,4968.202,1050.184,43591.19000000001
Goki Yamada,0,0,0,0,0,0,0,0,0,,0.0,0.0,9,6,3,66.67,2,0,0,0,0,1,0,0,0,0,0,0,0,0,0,0,0,4,3,8,5,0,0,1,1,0.01,-0.01,0.01,3,0,0,0,0,0,0,2.66,29.85,0.0,0.0,0.0,0,0,4,0,0,1,1,0,0,0,0,100.0,0.02,58.15,Matheus Caldeira Vidotto de Oliveira(1),,,,,,,,,,,,,,,,,,,,18,7,1,0.0147999999999999,0.0015,0.0132999999999999,,,,,,,,,,,,,,,,,,,,,,,,,,,,,,,,,,,,,,,,,,,,,,,,,,,,,,,,,18.0,6.0,24.0,12.0,30.0,36.0,12.0,252.3636,135.96,759.0918,31.228,380.0214,116.4042,1973.6388000000002,560.0,448.0,140.0,252.0,1792.0,1484.0,112.0,6931.705200000002,6280.9908000000005,3309.684,27.5295,12642.28,650.7143999999997,71599.47199999998
Ryo Miyaichi,0,0,0,0,0,0,0,0,0,,0.0,0.0,14,9,5,64.29,3,0,0,0,0,2,0,0,0,0,0,1,1,0,0,2,1,1,0,5,3,1,0,6,5,0.05,-0.01,0.03,14,3,0,0,1,0,0,4.06,110.72,0.04,-0.01,0.03,0,0,14,0,0,3,7,1,0,1,0,100.0,0.1,28.1,Takumi Kamijima(2),,,,,,,,,,,,,,,,,,,,35,21,2,-0.1013999999999999,0.0205,-0.1219,,,,,,,,,,,,,,,,,,,,,,,,,,,,,,,,,,,,,,,,,,,64.0,24.0,32.0,40.0,80.0,64.0,40.0,1115.1216,802.244,1002.0736,28.6714,586.3312,312.8768,4860.056,336.0,192.0,144.0,216.0,768.0,552.0,144.0,4256.1144,2695.212,2674.8504000000003,30.401,3643.092,1560.8999999999999,40122.768,380.0,152.0,266.0,266.0,1178.0,1406.0,228.0,7618.221000000002,3830.6849999999995,3981.442400000001,32.3832,6601.979399999997,3787.5321999999987,86131.902
Tae-Hee Nam,0,0,0,0,0,0,0,0,0,,0.0,0.0,16,14,2,87.5,0,0,0,0,0,4,1,0,0,1,1,1,0,0,0,0,0,8,7,6,5,1,1,9,8,0.02,-0.03,-0.02,13,1,0,0,0,0,1,4.8,91.29,0.04,-0.01,0.03,0,0,10,0,0,1,3,0,0,0,0,100.0,0.03,38.9,Taiki Watanabe(3),,,,,,,,,,,,,,,,,,,,33,14,2,0.119,-0.0133,0.1323,,,,,,,,,,,,,,,,,,,,,,,,,,,,,,,,,,,,,,,,,,,,,,,,,,,,,,,,,22.0,11.0,0.0,11.0,88.0,44.0,11.0,779.3533000000002,691.8263,1306.6350000000002,25.9856,1354.1582999999998,87.52699999999999,4486.1124,494.0,456.0,152.0,190.0,2356.0,1976.0,38.0,6092.665400000002,5877.0496,4319.9388,25.8138,18634.0524,215.61580000000006,93454.67679999999
Yan Matheus Santos Souza,0,0,0,0,0,0,0,0,0,,0.0,0.0,30,24,5,80.0,2,2,1,0,0,4,2,0,0,1,0,2,1,1,0,5,4,3,3,14,12,1,1,10,8,0.14,-0.02,0.12,28,3,0,0,0,0,1,2.34,157.83,0.1,-0.01,0.09,2,0,27,0,0,6,7,1,0,1,0,100.0,0.12,36.2,Ken Matsubara(8),,,,,,,,,,,,,,,,,,,,66,36,2,0.0443999999999999,0.0020999999999999,0.0423,,,,,,,,,,,,,,,,,,,,,,,,,,,,,,,,,,,,,,,,,,,126.0,84.0,84.0,105.0,189.0,105.0,42.0,1782.8832000000002,1098.5163,2739.8048999999996,29.7182,2787.9704999999994,684.3668999999999,13288.0524,495.0,275.0,165.0,330.0,1980.0,1430.0,220.0,7419.764000000002,5295.592499999997,6170.274000000002,27.1729,11788.578999999994,2124.1714999999995,92554.099,490.0,350.0,175.0,210.0,1400.0,1260.0,140.0,7656.2815,4496.369500000001,3306.989,31.9884,7449.9355000000005,3159.9119999999994,71541.2005
Kota Mizunuma,0,0,0,0,0,0,0,0,0,,0.0,0.0,25,16,8,64.0,2,0,0,0,0,2,1,0,0,2,0,0,0,1,0,2,0,9,7,9,5,1,1,13,10,0.06,-0.03,0.02,18,2,0,0,0,0,0,2.61,73.51,0.02,-0.0,0.02,0,0,20,0,0,9,6,0,0,3,0,100.0,0.12,40.95,Takumi Kamijima(6),,,,,,,,,,,,,,,,,,,,53,27,3,-0.1074,-0.0043,-0.1031,114.0,76.0,95.0,38.0,361.0,342.0,38.0,2045.4848999999997,1703.1751999999997,1707.2621000000001,25.5879,3953.7271000000005,342.3097,25608.9239,240.0,180.0,120.0,260.0,900.0,680.0,60.0,4011.236,3008.8979999999997,2639.24,27.7595,5039.807999999999,1002.3399999999998,39588.59,480.0,420.0,90.0,120.0,1620.0,1290.0,60.0,6262.248000000001,5957.114999999999,3767.9910000000013,25.8227,10629.599999999999,305.136,72031.437,216.0,189.0,189.0,27.0,486.0,621.0,27.0,2252.9367000000007,2125.1646,3367.7964,25.0937,5540.008499999998,127.7721,34127.001000000004,,,,,,,,,,,,,,,,,,,,,,,,,,,,
Jun Amano,0,0,0,0,0,0,0,0,0,,0.0,0.0,8,8,0,100.0,0,0,0,0,0,2,0,0,0,0,0,0,0,0,0,0,0,1,1,5,5,1,1,2,2,0.01,-0.01,-0.0,8,0,0,0,1,0,0,1.96,20.75,0.01,0.0,0.01,1,0,8,0,0,1,2,1,0,0,0,100.0,0.04,39.75,Yan Matheus Santos Souza(2),,,,,,,,,,,,,,,,,,,,19,10,1,-0.0238,0.0027,-0.0265,,,,,,,,,,,,,,,,,,,,,,,,,,,,,,,,,,,,,,,,,,,,,,,,,,,,,,,,,6.0,6.0,0.0,12.0,60.0,60.0,0.0,45.7806,45.7806,608.9934000000001,21.5016,713.7017999999999,0.0,2090.8781999999997,216.0,216.0,108.0,54.0,1350.0,1431.0,0.0,2540.5055999999995,2540.5055999999995,2937.3543,24.1046,10639.674,0.0,63544.79160000001
,0,0,0,0,0,0,0,0,0,,0.0,0.0,0,0,0,0.0,0,0,0,0,0,0,0,0,0,0,0,0,0,0,0,0,0,0,0,0,0,0,0,0,0,0.0,0.0,0.0,0,0,0,0,0,0,0,,0.0,0.0,0.0,0.0,0,0,0,0,0,0,0,0,0,0,0,0.0,0.0,,None(0),0.0,0.0,0.0,0.0,0.0,0.0,0.0,0.0,0.0,0.0,0.0,0.0,0.0,0.0,0.0,0.0,0.0,0.0,0.0,0,0,0,,,,,,,,,,,,,,,,,,,,,,,,,,,,,,,,,,,,,,,,,,,,,,,,,,,,,,,,,,,,,,,,,,,,,,,,,,,,,,,,,,,,,,,
Hijiri Onaga,0,0,0,0,0,0,0,0,0,,0.0,0.0,36,24,12,66.67,9,3,0,0,0,9,4,0,0,4,3,1,1,2,1,0,0,16,9,23,12,3,3,8,8,0.38,-0.02,0.36,15,2,0,0,0,0,0,3.54,87.27,0.03,-0.01,0.02,0,0,20,0,0,4,8,1,0,2,0,100.0,0.08,38.6,Kosuke Saito(5),,,,,,,,,,,,,,,,,,,,50,24,2,0.365,-0.0358,0.4008,170.0,119.0,34.0,68.0,561.0,510.0,51.0,3014.8990000000003,1493.1134000000002,1613.436,31.4954,3158.3195,1521.7873000000002,24201.5349,228.0,152.0,57.0,152.0,855.0,760.0,76.0,3925.5614999999993,2305.954,2447.4451,29.8089,4371.4174,1619.6094,36711.6822,336.0,216.0,168.0,216.0,1008.0,960.0,120.0,4905.2184,3918.84,2901.4968,28.1154,8444.5848,986.3784,55466.9256,165.0,120.0,15.0,90.0,555.0,450.0,45.0,2699.4750000000004,1703.1495000000002,1864.8915,28.6098,4390.1595,996.3254999999999,27973.364999999998,160.0,120.0,80.0,100.0,580.0,520.0,40.0,2193.758,1465.3600000000001,2114.2500000000005,27.7074,4317.371999999999,728.3979999999999,31713.752000000004,112.0,72.0,48.0,56.0,312.0,296.0,40.0,2310.7448,1294.236,828.168,30.1249,2105.6896,1016.5088,17916.0408
Matheus Caldeira Vidotto de Oliveira,0,0,0,0,0,0,0,0,0,,0.0,0.0,31,13,16,41.94,0,0,0,0,0,0,0,0,0,0,0,7,1,0,0,7,3,6,4,22,8,1,1,1,1,0.03,-0.01,0.02,13,0,0,0,0,0,0,2.08,59.07,0.0,-0.0,-0.0,0,0,9,0,0,0,0,0,0,2,0,100.0,0.0,103.7,Naoki Hayashi(3),,,,,,,,,,,,,,,,,,,,41,0,0,0.0393,0.96,-0.9207,,,,,,,,,,,,,,,,,,,,,,,,,,,,,,,,,,,,,,,,,,,,,,,,,,,,,,,,,,,,,,,,,,,,,,,,,,,,,,,,,,,,
Tetsuyuki Inami,0,0,0,0,0,0,0,0,0,,0.0,0.0,32,20,10,62.5,3,0,0,0,0,1,0,0,0,3,0,1,0,1,0,0,0,15,10,13,5,5,3,13,12,0.02,-0.02,-0.01,17,1,0,0,0,0,0,4.07,97.59,0.01,-0.01,0.01,0,0,30,0,0,6,6,2,0,3,0,100.0,0.13,47.25,Fuki Yamada(6),,,,,,,,,,,,,,,,,,,,52,16,2,-0.0102,0.035898766,-0.046098766,65.0,65.0,39.0,13.0,299.0,273.0,0.0,771.0391,719.1600000000002,1120.4726,25.997,1612.4888000000005,51.87909999999999,16807.0812,120.0,45.0,60.0,90.0,585.0,495.0,75.0,2630.9745,1573.2644999999995,1905.4695000000006,30.5916,2583.8909999999996,1057.71,28582.039500000003,448.0,336.0,140.0,168.0,1288.0,1428.0,112.0,6822.793599999999,5684.506800000001,3406.2419999999997,27.4888,10358.431999999999,1138.2868,65116.01879999999,396.0,198.0,165.0,198.0,1386.0,957.0,198.0,8860.236,3973.5267,4355.142,30.4328,7526.4552,4886.7092999999995,65327.153099999996,81.0,54.0,36.0,63.0,387.0,243.0,27.0,1393.1883,946.2284999999999,1051.8624,28.9151,2037.6342,446.9598,15777.9414,161.0,115.0,161.0,23.0,1127.0,1150.0,46.0,2231.8395,2005.1100999999996,2386.7973999999995,25.9391,4110.886599999999,226.72939999999997,51634.3905
William Popp,0,0,0,0,0,0,0,0,0,,0.0,0.0,46,42,4,91.3,1,0,0,0,0,0,0,0,0,0,0,7,3,0,0,18,18,2,2,26,22,2,2,0,0,0.03,-0.02,0.01,22,0,0,0,0,0,0,4.47,99.44,0.0,-0.0,0.0,0,0,21,0,0,0,0,0,0,4,0,100.0,0.01,99.4,Takumi Kamijima(8),,,,,,,,,,,,,,,,,,,,68,0,0,0.0788,0.4491,-0.3703,,,,,,,,,,,,,,,,,,,,,,,,,,,,,,,,,,,,,,,,,,,,,,,,,,,,,,,,,,,,,,,,,,,,,,,,,,,,,,,,,,,,
Tomoya Miki,0,1,0,0,0,0,0,0,0,,0.01,0.0,29,24,5,82.76,2,1,0,0,0,3,0,0,0,1,0,4,4,4,2,0,0,4,4,14,11,3,3,9,8,0.28,-0.02,0.26,28,1,0,0,1,0,0,2.38,116.13,0.02,-0.01,0.01,1,0,28,0,0,7,3,0,0,0,0,100.0,0.05,50.4,Ken Matsubara(4),,,,,,,,,,,,,,,,,,,,52,18,1,0.0390901595999999,-0.1342,0.1732901596,140.0,126.0,28.0,56.0,504.0,406.0,14.0,1794.8406,1403.4216000000001,1525.6696,27.597,5405.883000000001,391.4190000000001,22885.041199999996,468.0,364.0,78.0,234.0,1300.0,988.0,104.0,5290.399399999999,4570.092799999999,3823.0685999999996,27.2386,12064.3822,720.3066000000001,57346.02119999999,360.0,280.0,100.0,140.0,1180.0,1160.0,80.0,4435.0380000000005,3739.5600000000004,2809.9020000000005,29.467,9919.049999999997,695.4780000000001,53715.968,476.0,408.0,34.0,204.0,1666.0,1258.0,68.0,6940.403,6375.595,4950.474800000001,26.3643,16548.510599999998,564.8079999999999,74257.12199999999,253.0,138.0,115.0,92.0,966.0,828.0,115.0,4252.6954000000005,2935.154200000001,3047.658699999999,27.716,9951.396200000003,1317.5389000000002,45714.887399999985,242.0,220.0,66.0,176.0,1100.0,880.0,22.0,2981.0858000000007,2731.1482000000015,2499.3650000000002,25.8613,10263.070399999997,249.9398000000001,54069.57820000002
Takumi Kamijima,0,0,0,0,0,0,0,0,0,,0.0,0.0,98,95,2,96.94,16,1,0,0,0,4,2,0,0,0,0,17,17,1,1,22,21,20,20,51,49,12,12,12,12,0.32,-0.03,0.29,75,1,0,0,1,0,0,3.69,363.77,0.05,-0.01,0.04,0,0,82,0,0,2,1,0,0,6,0,100.0,0.05,78.95,Carlos Eduardo Bendini Giusti(24),,,,,,,,,,,,,,,,,,,,184,1,0,0.2854085905,-0.0690063720999999,0.3544149626,136.0,68.0,102.0,102.0,986.0,782.0,68.0,2541.9284000000002,1570.4056,2977.1929999999998,30.2021,4959.121,971.5228000000001,44657.8916,324.0,324.0,108.0,270.0,1836.0,1296.0,0.0,3698.341199999999,3698.341199999999,5981.628600000003,24.1238,9213.814800000004,0.0,89724.42359999998,205.0,164.0,164.0,41.0,1681.0,1394.0,41.0,2611.6344000000004,1748.6336,4135.8709,27.7025,6474.478099999999,863.0008,79064.031,408.0,408.0,204.0,272.0,2720.0,1972.0,0.0,2147.8956,2147.8956,7548.7956,23.6769,15870.390800000005,0.0,113231.98160000001,192.0,144.0,0.0,192.0,1392.0,864.0,48.0,2712.48,2510.7552000000005,4345.296,25.3129,5229.4223999999995,201.72480000000002,65179.4256,300.0,300.0,100.0,200.0,1650.0,1600.0,0.0,3517.31,3475.6100000000006,4160.185,25.0291,7150.04,41.7,89998.63
Kosuke Saito,0,0,0,0,0,0,0,0,0,,0.0,0.0,24,17,6,70.83,5,2,0,0,0,6,1,0,0,2,0,3,0,0,0,1,1,6,4,14,7,1,1,8,8,0.07,-0.01,0.05,20,3,0,0,0,0,1,4.1,142.96,0.06,-0.01,0.05,1,0,22,0,0,3,5,0,0,1,0,100.0,0.07,56.1,Hijiri Onaga(7),,,,,,,,,,,,,,,,,,,,47,18,1,0.161,0.0223,0.1387,240.0,160.0,80.0,200.0,540.0,420.0,80.0,3538.9099999999994,2766.9359999999992,1976.5860000000005,28.8649,4940.228000000001,771.9759999999999,29648.792000000005,350.0,225.0,150.0,125.0,975.0,950.0,125.0,5503.2300000000005,4013.6274999999996,3348.5125,28.9483,6075.755,1489.6025,50227.6875,928.0,640.0,480.0,448.0,1792.0,1664.0,288.0,14190.2944,10232.8992,4316.9024,29.8053,15316.3904,3957.3952,82524.8096,630.0,450.0,180.0,270.0,1260.0,1140.0,180.0,7945.844999999999,6021.794999999998,4175.775000000001,29.8442,11720.595,1924.047,62497.451999999976,,,,,,,,,,,,,,,,,,,,,,,,,,,,
Takuya Kida,0,0,0,0,0,0,0,0,0,,0.0,0.0,28,25,3,89.29,3,1,0,0,0,4,0,0,0,0,0,0,0,3,3,0,0,11,10,16,13,3,3,8,8,0.03,-0.02,0.01,27,0,0,0,0,0,0,1.75,80.83,0.01,-0.0,0.01,2,0,27,0,0,4,4,0,0,0,0,100.0,0.04,63.5,Ken Matsubara(5),,,,,,,,,,,,,,,,,,,,59,12,0,0.0072900255,0.0063999999999999,0.0008900255,90.0,90.0,36.0,18.0,468.0,540.0,0.0,559.9008,559.9008,1621.6236000000001,23.5391,4431.9726,0.0,24324.359399999998,150.0,120.0,60.0,120.0,1140.0,690.0,30.0,1878.5429999999994,1674.3120000000004,3635.7509999999993,29.3592,4461.408,204.23100000000005,54536.24700000002,260.0,240.0,120.0,140.0,1100.0,1020.0,20.0,2382.2919999999995,2199.4739999999997,2545.9820000000004,26.3087,10563.03,182.81799999999996,48670.674,84.0,84.0,42.0,168.0,1302.0,840.0,0.0,695.9946,695.9946,5459.958,21.6973,8817.5472,0.0,55327.561799999996,,,,,,,,,,,,,,,,,,,,,,,,,,,,
Taiki Watanabe,0,0,0,0,0,0,0,0,0,,0.0,0.0,85,73,9,85.88,10,0,0,0,0,9,1,0,0,0,0,6,3,3,3,6,6,28,26,35,25,2,1,48,47,0.13,-0.08,0.04,57,1,0,0,0,0,0,2.11,206.38,0.04,-0.02,0.01,0,0,59,0,0,2,7,1,1,3,0,100.0,0.09,59.9,Carlos Eduardo Bendini Giusti(24),,,,,,,,,,,,,,,,,,,,147,42,2,0.8057,-0.0425868217999999,0.8482868217999999,369.0,287.0,205.0,246.0,1353.0,1312.0,82.0,6474.7692,4701.5766,3937.6441,29.5244,10252.6527,1773.1967,59064.682,342.0,152.0,228.0,114.0,1368.0,1482.0,190.0,7623.206600000001,3797.0968000000003,4790.071000000001,29.7223,9491.104200000002,3826.1098000000006,71851.08019999998,555.0,444.0,259.0,148.0,2072.0,1813.0,111.0,6309.406499999997,4500.5542,4408.453799999999,27.9009,11980.903399999997,1808.8559999999995,84274.9259,400.0,400.0,80.0,120.0,2160.0,1640.0,0.0,3907.9759999999997,3907.9759999999997,5182.72,24.5476,12863.127999999999,0.0,77740.804,245.0,140.0,35.0,210.0,1260.0,945.0,105.0,4108.251,3029.4179999999997,3626.6965000000005,28.8618,7570.6085,1078.8294999999998,54400.45100000001,280.0,160.0,200.0,160.0,1880.0,1800.0,120.0,4715.088,3483.848,4198.388,26.2643,10885.316,1231.24,90825.12000000001
Asahi Uenaka,0,0,0,0,0,0,0,0,0,,0.0,0.0,8,6,2,75.0,0,0,0,0,0,3,0,0,0,1,0,0,0,0,0,0,0,4,2,4,2,1,1,3,3,0.01,-0.04,-0.03,4,0,0,0,0,0,1,5.89,25.66,0.03,-0.01,0.02,0,0,5,0,0,2,1,0,0,0,0,100.0,0.01,60.0,Yan Matheus Santos Souza(2),,,,,,,,,,,,,,,,,,,,16,11,2,-0.0352,0.0029999999999999,-0.0382,,,,,,,,,,,,,,,,,,,,,,,,,,,,,,,,,,,,,,,,,,,,,,,,,,,,,,,,,,,,,,,,,,,,,,,250.0,225.0,200.0,175.0,825.0,800.0,25.0,3559.8599999999997,3088.53,2595.8549999999996,31.4855,7581.0824999999995,471.33000000000004,41923.065
